{"cameraMode":{"drawMode":0,"name":"Shaded","section":"Shading Mode"},"sceneLighting":true,"audioPlay":false,"sceneViewState":{"showFog":true,"showMaterialUpdate":false,"showSkybox":true,"showFlares":true,"showImageEffects":true,"showParticleSystems":true},"in2DMode":false,"pivot":{"x":38.67730712890625,"y":0.007897615432739258,"z":12.357928276062012},"rotation":{"x":-0.06905394792556763,"y":-0.6924136877059937,"z":0.06693024188280106,"w":-0.7151522636413574},"size":6.015682220458984,"orthographic":false}