{"cameraMode":{"drawMode":0,"name":"Shaded","section":"Shading Mode"},"sceneLighting":true,"audioPlay":false,"sceneViewState":{"showFog":true,"showMaterialUpdate":false,"showSkybox":true,"showFlares":true,"showImageEffects":true,"showParticleSystems":true},"in2DMode":false,"pivot":{"x":36.766029357910159,"y":-35.8505744934082,"z":127.32350158691406},"rotation":{"x":-0.1521577537059784,"y":-0.00021586257207673043,"z":-0.00017755392764229327,"w":-0.9906511306762695},"size":67.36894989013672,"orthographic":false}